INSERT INTO Vevo (vevoid, nev, telefonszam, cim, maganszemely) VALUES (1, 'Nagy János', '+36201243256', 'Bp. Váci utca 5. B', 1)
INSERT INTO Vevo (vevoid, nev, telefonszam, cim, maganszemely) VALUES (2, 'Kerekes Ernő', '+36309128756', 'Bp. Nagykörút 3.', 1)
INSERT INTO Vevo (vevoid, nev, telefonszam, cim, maganszemely) VALUES (3, 'Arany Méhészet', '+36304523456', 'Tárnok Kossuth utca 24', 0)
INSERT INTO Vevo (vevoid, nev, telefonszam, cim, maganszemely) VALUES (4, 'Corvinus Egyetem', '+3614825000', 'Bp. Fővám tér 8.', 0)
INSERT INTO Vevo (vevoid, nev, telefonszam, cim, maganszemely) VALUES (5, 'Kis Pál', '+36301234567', 'Érd Főtér 8.', 1)
INSERT INTO Vevo (vevoid, nev, telefonszam, cim, maganszemely) VALUES (6, 'Gaál János', '+36709876543', 'Biatorbágy Tulipán utca 32', 1)
INSERT INTO Vevo (vevoid, nev, telefonszam, cim, maganszemely) VALUES (7, 'Kis Katalin', '+3620765345', 'Herceghalom Petőfi utca 3.', 1)
INSERT INTO Vevo (vevoid, nev, telefonszam, cim, maganszemely) VALUES (8, 'PVX Zrt.', '+36706472872', 'Szentendre Jókai utca 14.', 0)
INSERT INTO Vevo (vevoid, nev, telefonszam, cim, maganszemely) VALUES (9, 'Lengyel Anna', '+36306472563', 'Érd Lehel utca 25.', 1)
INSERT INTO Vevo (vevoid, nev, telefonszam, cim, maganszemely) VALUES (10, 'Chrenkó Zsuzsa', '+36309376156', 'Sóskút Rákóczi utca 12.', 1)
INSERT INTO Vevo (VevoID,Nev,Telefonszam,Cim,Maganszemely) VALUES (11,'Szűcs Anett','+36206665544','Eger',1)
INSERT INTO Vevo (VevoID,Nev,Telefonszam,Cim,Maganszemely) VALUES (12,'Jakab Laura','+36203334455','Szolnok',1)
INSERT INTO Vevo (VevoID,Nev,Telefonszam,Cim,Maganszemely) VALUES (13,'Kovács Anna','+36201234567','Budapest',1)
INSERT INTO Vevo (VevoID,Nev,Telefonszam,Cim,Maganszemely) VALUES (14,'Varga Péter','+36205556666','Miskolc',1)

INSERT INTO Uzletkoto (uzletkotoid, nev, fizetes) VALUES (1, 'Balogh Júlia', 800000)
INSERT INTO Uzletkoto (uzletkotoid, nev, fizetes) VALUES (2, 'Molnár Péter', 750000)
INSERT INTO Uzletkoto (uzletkotoid, nev, fizetes) VALUES (3, 'Juhász Lajos', 820000)
INSERT INTO Uzletkoto (UzletkotoID,Nev,Fizetes) VALUES (4,'Major Zsolt',720000)
INSERT INTO Uzletkoto (UzletkotoID,Nev,Fizetes) VALUES (5,'Szabó Kitti',750000)

INSERT INTO Modell (modellid, marka, tipus, felszereltseg) VALUES (1, 'Peugeot', '5008', 'Outdoor')
INSERT INTO Modell (modellid, marka, tipus, felszereltseg) VALUES (2, 'Peugeot', '3008', 'Basic')
INSERT INTO Modell (modellid, marka, tipus, felszereltseg) VALUES (3, 'Peugeot', '208', 'Basic')
INSERT INTO Modell (modellid, marka, tipus, felszereltseg) VALUES (4, 'Peugeot', '308', 'Outdoor')
INSERT INTO Modell (modellid, marka, tipus, felszereltseg) VALUES (5, 'Mercedes', 'C63 AMG', '9G-Tronic')
INSERT INTO Modell (modellid, marka, tipus, felszereltseg) VALUES (6, 'Mercedes', 'C63 AMG', 'Alap')
INSERT INTO Modell (modellid, marka, tipus, felszereltseg) VALUES (7, 'BYD', 'Atto 3', 'Comfort')
INSERT INTO Modell (modellid, marka, tipus, felszereltseg) VALUES (8, 'BYD', 'Atto 3', 'Plus')
INSERT INTO Modell (modellid, marka, tipus, felszereltseg) VALUES (9, 'BYD', 'Seal', 'Comfort')
INSERT INTO Modell (modellid, marka, tipus, felszereltseg) VALUES (10, 'BMV', 'X-5', 'Gut')

INSERT INTO Meghajtas (meghajtasid, uzemanyag, fajta, tipus, hengerurtartalom, loero) VALUES (1, 'benzin', 'V8', 'biturbo', 4000, 250)
INSERT INTO Meghajtas (meghajtasid, uzemanyag, fajta, tipus, hengerurtartalom, loero) VALUES (2, 'benzin', 'sor6', 'turbo', 3000, 190)
INSERT INTO Meghajtas (meghajtasid, uzemanyag, fajta, tipus, hengerurtartalom, loero) VALUES (3, 'benzin', 'sor4', 'turbo', 1900, 120)
INSERT INTO Meghajtas (meghajtasid, uzemanyag, fajta, tipus, hengerurtartalom, loero) VALUES (4, 'elektromos', 'e-Platform', NULL, NULL, 201)
INSERT INTO Meghajtas (meghajtasid, uzemanyag, fajta, tipus, hengerurtartalom, loero) VALUES (5, 'dizel', 'sor4', 'tdi', 1800, 110)
INSERT INTO Meghajtas (meghajtasid, uzemanyag, fajta, tipus, hengerurtartalom, loero) VALUES (6, 'dizel', 'sor6', 'tdi', 2000, 175)
INSERT INTO Meghajtas (meghajtasid, uzemanyag, fajta, tipus, hengerurtartalom, loero) VALUES (7, 'dizel', 'sor3', 'hCi', 1400, 76)

INSERT INTO Autok (AutoID, Modell, Meghajtas, szin, Ar) VALUES (1, 1, 5, 'Fehér', 15000000)
INSERT INTO Autok (AutoID, Modell, Meghajtas, szin, Ar) VALUES (2, 1, 3, 'Fekete', 16000000)
INSERT INTO Autok (AutoID, Modell, Meghajtas, szin, Ar) VALUES (3, 2, 6, 'Fehér', 14800000)
INSERT INTO Autok (AutoID, Modell, Meghajtas, szin, Ar) VALUES (4, 2, 3, 'Piros', 14200000)
INSERT INTO Autok (AutoID, Modell, Meghajtas, szin, Ar) VALUES (5, 3, 7, 'Szürke', 7500000)
INSERT INTO Autok (AutoID, Modell, Meghajtas, szin, Ar) VALUES (6, 3, 7, 'Kék', 7500000)
INSERT INTO Autok (AutoID, Modell, Meghajtas, szin, Ar) VALUES (7, 3, 3, 'Fekete', 7200000)
INSERT INTO Autok (AutoID, Modell, Meghajtas, szin, Ar) VALUES (8, 4, 2, 'Fehér', 8400000)
INSERT INTO Autok (AutoID, Modell, Meghajtas, szin, Ar) VALUES (9, 4, 5, 'Szürke', 8100000)
INSERT INTO Autok (AutoID, Modell, Meghajtas, szin, Ar) VALUES (10, 5, 1, 'Szürke', 30000000)
INSERT INTO Autok (AutoID, Modell, Meghajtas, szin, Ar) VALUES (11, 5, 1, 'Ezüst', 31000000)
INSERT INTO Autok (AutoID, Modell, Meghajtas, szin, Ar) VALUES (12, 6, 1, 'Fehér', 26000000)
INSERT INTO Autok (AutoID, Modell, Meghajtas, szin, Ar) VALUES (13, 7, 4, 'Fehér', 13000000)
INSERT INTO Autok (AutoID, Modell, Meghajtas, szin, Ar) VALUES (14, 7, 4, 'Kék', 13000000)
INSERT INTO Autok (AutoID, Modell, Meghajtas, szin, Ar) VALUES (15, 7, 4, 'Narancs', 13000000)
INSERT INTO Autok (AutoID, Modell, Meghajtas, szin, Ar) VALUES (16, 8, 4, 'Ezüst', 14500000)
INSERT INTO Autok (AutoID, Modell, Meghajtas, szin, Ar) VALUES (17, 9, 4, 'Fehér', 20000000)
INSERT INTO Autok (AutoID, Modell, Meghajtas, szin, Ar) VALUES (18, 9, 4, 'Piros', 20000000)
INSERT INTO Autok (AutoID, Modell, Meghajtas, szin, Ar) VALUES (19, 9, 4, 'Kék', 20000000)
INSERT INTO Autok (AutoID, Modell, Meghajtas, szin, Ar) VALUES (20, 9, 4, 'Narancs', 20000000)
INSERT INTO Autok (AutoID, Modell, Meghajtas, szin, Ar) VALUES (21, 10, 2, 'Kék', 25000000)
INSERT INTO Autok (AutoID, Modell, Meghajtas, szin, Ar) VALUES (22, 10, 6, 'Zöld', 24000000)
INSERT INTO Autok (AutoID, Modell, Meghajtas, szin, Ar) VALUES (23, 10, 6, 'Ezüst', 24000000)

INSERT INTO Vetel (VetelID, Vevo, Uzletkoto, Kocsi, Datum, FizetesiMod) VALUES (1, 1, 2, 1, '2024-06-15', 'keszpenz')
INSERT INTO Vetel (VetelID, Vevo, Uzletkoto, Kocsi, Datum, FizetesiMod) VALUES (2, 2, 3, 3, '2024-07-01', 'reszlet')
INSERT INTO Vetel (VetelID, Vevo, Uzletkoto, Kocsi, Datum, FizetesiMod) VALUES (3, 3, 1, 4, '2024-07-10', 'atutalas')
INSERT INTO Vetel (VetelID, Vevo, Uzletkoto, Kocsi, Datum, FizetesiMod) VALUES (4, 4, 1, 5, '2024-07-15', 'keszpenz')
INSERT INTO Vetel (VetelID, Vevo, Uzletkoto, Kocsi, Datum, FizetesiMod) VALUES (5, 5, 4, 7, '2024-07-20', 'reszlet')
INSERT INTO Vetel (VetelID, Vevo, Uzletkoto, Kocsi, Datum, FizetesiMod) VALUES (6, 5, 2, 8, '2024-07-22', 'reszlet')
INSERT INTO Vetel (VetelID, Vevo, Uzletkoto, Kocsi, Datum, FizetesiMod) VALUES (7, 6, 2, 9, '2024-07-25', 'keszpenz')
INSERT INTO Vetel (VetelID, Vevo, Uzletkoto, Kocsi, Datum, FizetesiMod) VALUES (8, 7, 4, 10, '2024-07-28', 'reszlet')
INSERT INTO Vetel (VetelID, Vevo, Uzletkoto, Kocsi, Datum, FizetesiMod) VALUES (9, 8, 4, 12, '2024-08-01', 'keszpenz')
INSERT INTO Vetel (VetelID, Vevo, Uzletkoto, Kocsi, Datum, FizetesiMod) VALUES (10, 9, 4, 13, '2024-08-03', 'atutalas')
INSERT INTO Vetel (VetelID, Vevo, Uzletkoto, Kocsi, Datum, FizetesiMod) VALUES (11, 10, 2, 16, '2024-08-14', 'atutalas')
INSERT INTO Vetel (VetelID, Vevo, Uzletkoto, Kocsi, Datum, FizetesiMod) VALUES (12, 11, 3, 17, '2024-09-04', 'keszpenz')
INSERT INTO Vetel (VetelID, Vevo, Uzletkoto, Kocsi, Datum, FizetesiMod) VALUES (13, 12, 3, 18, '2024-09-13', 'reszlet')
INSERT INTO Vetel (VetelID, Vevo, Uzletkoto, Kocsi, Datum, FizetesiMod) VALUES (14, 12, 3, 19, '2024-09-15', 'reszlet')
INSERT INTO Vetel (VetelID, Vevo, Uzletkoto, Kocsi, Datum, FizetesiMod) VALUES (15, 13, 1, 20, '2024-09-24', 'keszpenz')
INSERT INTO Vetel (VetelID, Vevo, Uzletkoto, Kocsi, Datum, FizetesiMod) VALUES (16, 14, 1, 21, '2024-09-30', 'atutalas')
